VARIANT_ID	CHROM	LOCUS	COL	STRANDS	POS	FILTERS	MARKERS	REF	ALT	M_SEQ
1	RAD_81	RAD	81		104	whitelist	RAD_81__RAD__104	G	T	1
2	RAD_178	RAD	178		62	whitelist	RAD_178__RAD__62	A	C	2
3	RAD_250	RAD	250		29	whitelist	RAD_250__RAD__29	G	A	3
4	RAD_371	RAD	371		45	whitelist	RAD_371__RAD__45	A	T	4
5	RAD_443	RAD	443		146	whitelist	RAD_443__RAD__146	A	G	5
6	RAD_482	RAD	482		19	whitelist	RAD_482__RAD__19	T	A	6
7	RAD_522	RAD	522		12	whitelist	RAD_522__RAD__12	A	C	7
8	RAD_528	RAD	528		60	whitelist	RAD_528__RAD__60	C	A	8
9	RAD_551	RAD	551		89	whitelist	RAD_551__RAD__89	C	T	9
10	RAD_555	RAD	555		68	whitelist	RAD_555__RAD__68	T	C	10
11	RAD_577	RAD	577		10	whitelist	RAD_577__RAD__10	C	A	11
12	RAD_627	RAD	627		15	whitelist	RAD_627__RAD__15	C	A	12
13	RAD_638	RAD	638		40	whitelist	RAD_638__RAD__40	T	C	13
14	RAD_788	RAD	788		107	whitelist	RAD_788__RAD__107	C	T	14
15	RAD_859	RAD	859		12	whitelist	RAD_859__RAD__12	T	C	15
16	RAD_869	RAD	869		34	whitelist	RAD_869__RAD__34	G	A	16
17	RAD_908	RAD	908		92	whitelist	RAD_908__RAD__92	T	C	17
18	RAD_967	RAD	967		109	whitelist	RAD_967__RAD__109	A	G	18
19	RAD_1002	RAD	1002		58	whitelist	RAD_1002__RAD__58	C	G	19
20	RAD_1074	RAD	1074		13	whitelist	RAD_1074__RAD__13	T	C	20
21	RAD_1203	RAD	1203		6	whitelist	RAD_1203__RAD__6	T	C	21
22	RAD_1207	RAD	1207		100	whitelist	RAD_1207__RAD__100	C	A	22
23	RAD_1315	RAD	1315		50	whitelist	RAD_1315__RAD__50	G	A	23
24	RAD_1432	RAD	1432		28	whitelist	RAD_1432__RAD__28	G	A	24
25	RAD_1438	RAD	1438		101	whitelist	RAD_1438__RAD__101	C	G	25
26	RAD_1463	RAD	1463		20	whitelist	RAD_1463__RAD__20	G	T	26
27	RAD_1510	RAD	1510		89	whitelist	RAD_1510__RAD__89	C	T	27
28	RAD_1567	RAD	1567		52	whitelist	RAD_1567__RAD__52	T	C	28
29	RAD_1612	RAD	1612		43	whitelist	RAD_1612__RAD__43	C	G	29
30	RAD_1638	RAD	1638		15	whitelist	RAD_1638__RAD__15	C	T	30
31	RAD_1643	RAD	1643		21	whitelist	RAD_1643__RAD__21	G	T	31
32	RAD_1647	RAD	1647		14	whitelist	RAD_1647__RAD__14	T	C	32
33	RAD_1691	RAD	1691		96	whitelist	RAD_1691__RAD__96	T	G	33
34	RAD_1692	RAD	1692		7	whitelist	RAD_1692__RAD__7	T	C	34
35	RAD_1698	RAD	1698		26	whitelist	RAD_1698__RAD__26	C	T	35
36	RAD_1758	RAD	1758		104	whitelist	RAD_1758__RAD__104	A	T	36
37	RAD_1841	RAD	1841		12	whitelist	RAD_1841__RAD__12	T	A	37
38	RAD_1915	RAD	1915		56	whitelist	RAD_1915__RAD__56	C	T	38
39	RAD_2037	RAD	2037		40	whitelist	RAD_2037__RAD__40	T	C	39
40	RAD_2132	RAD	2132		42	whitelist	RAD_2132__RAD__42	C	G	40
41	RAD_2287	RAD	2287		26	whitelist	RAD_2287__RAD__26	T	A	41
42	RAD_2360	RAD	2360		55	whitelist	RAD_2360__RAD__55	G	T	42
43	RAD_2554	RAD	2554		105	whitelist	RAD_2554__RAD__105	A	G	43
44	RAD_2714	RAD	2714		138	whitelist	RAD_2714__RAD__138	A	T	44
45	RAD_2826	RAD	2826		41	whitelist	RAD_2826__RAD__41	G	A	45
46	RAD_2837	RAD	2837		52	whitelist	RAD_2837__RAD__52	G	A	46
47	RAD_2850	RAD	2850		125	whitelist	RAD_2850__RAD__125	A	C	47
48	RAD_2975	RAD	2975		35	whitelist	RAD_2975__RAD__35	G	A	48
49	RAD_3032	RAD	3032		94	whitelist	RAD_3032__RAD__94	G	A	49
50	RAD_3123	RAD	3123		15	whitelist	RAD_3123__RAD__15	C	A	50
51	RAD_3169	RAD	3169		105	whitelist	RAD_3169__RAD__105	A	C	51
52	RAD_3192	RAD	3192		22	whitelist	RAD_3192__RAD__22	C	T	52
53	RAD_3206	RAD	3206		24	whitelist	RAD_3206__RAD__24	C	T	53
54	RAD_3207	RAD	3207		42	whitelist	RAD_3207__RAD__42	A	T	54
55	RAD_3251	RAD	3251		88	whitelist	RAD_3251__RAD__88	G	T	55
56	RAD_3274	RAD	3274		11	whitelist	RAD_3274__RAD__11	C	T	56
57	RAD_3282	RAD	3282		4	whitelist	RAD_3282__RAD__4	T	C	57
58	RAD_3369	RAD	3369		75	whitelist	RAD_3369__RAD__75	C	T	58
59	RAD_3486	RAD	3486		16	whitelist	RAD_3486__RAD__16	G	T	59
60	RAD_3597	RAD	3597		70	whitelist	RAD_3597__RAD__70	C	A	60
61	RAD_3629	RAD	3629		66	whitelist	RAD_3629__RAD__66	T	C	61
62	RAD_3653	RAD	3653		53	whitelist	RAD_3653__RAD__53	C	G	62
63	RAD_3669	RAD	3669		112	whitelist	RAD_3669__RAD__112	A	G	63
64	RAD_3811	RAD	3811		7	whitelist	RAD_3811__RAD__7	T	C	64
65	RAD_4099	RAD	4099		51	whitelist	RAD_4099__RAD__51	G	T	65
66	RAD_4113	RAD	4113		106	whitelist	RAD_4113__RAD__106	A	C	66
67	RAD_4150	RAD	4150		50	whitelist	RAD_4150__RAD__50	C	G	67
68	RAD_4155	RAD	4155		34	whitelist	RAD_4155__RAD__34	A	G	68
69	RAD_4251	RAD	4251		21	whitelist	RAD_4251__RAD__21	G	A	69
70	RAD_4264	RAD	4264		148	whitelist	RAD_4264__RAD__148	T	C	70
71	RAD_4280	RAD	4280		8	whitelist	RAD_4280__RAD__8	C	T	71
72	RAD_4288	RAD	4288		107	whitelist	RAD_4288__RAD__107	G	A	72
73	RAD_4323	RAD	4323		68	whitelist	RAD_4323__RAD__68	A	G	73
74	RAD_4363	RAD	4363		71	whitelist	RAD_4363__RAD__71	T	A	74
75	RAD_4412	RAD	4412		114	whitelist	RAD_4412__RAD__114	T	C	75
76	RAD_4495	RAD	4495		64	whitelist	RAD_4495__RAD__64	G	A	76
77	RAD_4516	RAD	4516		46	whitelist	RAD_4516__RAD__46	T	G	77
78	RAD_4621	RAD	4621		33	whitelist	RAD_4621__RAD__33	A	G	78
79	RAD_4678	RAD	4678		128	whitelist	RAD_4678__RAD__128	C	T	79
80	RAD_4718	RAD	4718		19	whitelist	RAD_4718__RAD__19	C	T	80
81	RAD_4808	RAD	4808		153	whitelist	RAD_4808__RAD__153	C	T	81
82	RAD_4817	RAD	4817		50	whitelist	RAD_4817__RAD__50	G	T	82
83	RAD_4912	RAD	4912		16	whitelist	RAD_4912__RAD__16	A	C	83
84	RAD_4931	RAD	4931		7	whitelist	RAD_4931__RAD__7	A	C	84
85	RAD_4941	RAD	4941		142	whitelist	RAD_4941__RAD__142	T	A	85
86	RAD_4944	RAD	4944		16	whitelist	RAD_4944__RAD__16	A	G	86
87	RAD_4955	RAD	4955		71	whitelist	RAD_4955__RAD__71	A	G	87
88	RAD_4958	RAD	4958		29	whitelist	RAD_4958__RAD__29	G	T	88
89	RAD_4970	RAD	4970		37	whitelist	RAD_4970__RAD__37	A	T	89
90	RAD_5000	RAD	5000		51	whitelist	RAD_5000__RAD__51	T	C	90
91	RAD_5030	RAD	5030		31	whitelist	RAD_5030__RAD__31	A	G	91
92	RAD_5043	RAD	5043		4	whitelist	RAD_5043__RAD__4	T	G	92
93	RAD_5063	RAD	5063		20	whitelist	RAD_5063__RAD__20	A	T	93
94	RAD_5084	RAD	5084		7	whitelist	RAD_5084__RAD__7	C	T	94
95	RAD_5116	RAD	5116		55	whitelist	RAD_5116__RAD__55	A	G	95
96	RAD_5273	RAD	5273		10	whitelist	RAD_5273__RAD__10	T	G	96
97	RAD_5469	RAD	5469		52	whitelist	RAD_5469__RAD__52	G	A	97
98	RAD_5718	RAD	5718		29	whitelist	RAD_5718__RAD__29	T	G	98
99	RAD_5733	RAD	5733		28	whitelist	RAD_5733__RAD__28	C	A	99
100	RAD_5911	RAD	5911		45	whitelist	RAD_5911__RAD__45	G	A	100
101	RAD_5995	RAD	5995		17	whitelist	RAD_5995__RAD__17	C	T	101
102	RAD_6025	RAD	6025		56	whitelist	RAD_6025__RAD__56	C	A	102
103	RAD_6113	RAD	6113		23	whitelist	RAD_6113__RAD__23	T	A	103
104	RAD_6405	RAD	6405		4	whitelist	RAD_6405__RAD__4	T	C	104
105	RAD_6439	RAD	6439		34	whitelist	RAD_6439__RAD__34	G	T	105
106	RAD_6623	RAD	6623		118	whitelist	RAD_6623__RAD__118	T	A	106
107	RAD_6763	RAD	6763		33	whitelist	RAD_6763__RAD__33	A	G	107
108	RAD_7015	RAD	7015		24	whitelist	RAD_7015__RAD__24	T	C	108
109	RAD_7017	RAD	7017		16	whitelist	RAD_7017__RAD__16	G	A	109
110	RAD_7031	RAD	7031		38	whitelist	RAD_7031__RAD__38	A	G	110
111	RAD_7048	RAD	7048		15	whitelist	RAD_7048__RAD__15	A	T	111
112	RAD_7049	RAD	7049		42	whitelist	RAD_7049__RAD__42	C	T	112
113	RAD_7092	RAD	7092		120	whitelist	RAD_7092__RAD__120	T	A	113
114	RAD_7129	RAD	7129		30	whitelist	RAD_7129__RAD__30	A	C	114
115	RAD_7130	RAD	7130		16	whitelist	RAD_7130__RAD__16	G	A	115
116	RAD_7161	RAD	7161		58	whitelist	RAD_7161__RAD__58	G	T	116
117	RAD_7184	RAD	7184		61	whitelist	RAD_7184__RAD__61	C	T	117
118	RAD_7188	RAD	7188		21	whitelist	RAD_7188__RAD__21	A	T	118
119	RAD_7204	RAD	7204		8	whitelist	RAD_7204__RAD__8	T	C	119
120	RAD_7205	RAD	7205		101	whitelist	RAD_7205__RAD__101	G	A	120
121	RAD_7219	RAD	7219		75	whitelist	RAD_7219__RAD__75	T	C	121
122	RAD_7277	RAD	7277		134	whitelist	RAD_7277__RAD__134	T	A	122
123	RAD_7287	RAD	7287		7	whitelist	RAD_7287__RAD__7	C	T	123
124	RAD_7298	RAD	7298		45	whitelist	RAD_7298__RAD__45	A	G	124
125	RAD_7333	RAD	7333		4	whitelist	RAD_7333__RAD__4	C	T	125
126	RAD_7338	RAD	7338		20	whitelist	RAD_7338__RAD__20	A	T	126
127	RAD_7347	RAD	7347		4	whitelist	RAD_7347__RAD__4	A	T	127
128	RAD_7359	RAD	7359		119	whitelist	RAD_7359__RAD__119	A	G	128
129	RAD_7474	RAD	7474		134	whitelist	RAD_7474__RAD__134	A	T	129
130	RAD_7510	RAD	7510		12	whitelist	RAD_7510__RAD__12	G	A	130
131	RAD_7612	RAD	7612		102	whitelist	RAD_7612__RAD__102	T	C	131
132	RAD_7718	RAD	7718		15	whitelist	RAD_7718__RAD__15	G	C	132
133	RAD_7731	RAD	7731		64	whitelist	RAD_7731__RAD__64	G	A	133
134	RAD_7751	RAD	7751		27	whitelist	RAD_7751__RAD__27	T	C	134
135	RAD_7772	RAD	7772		35	whitelist	RAD_7772__RAD__35	T	A	135
136	RAD_7842	RAD	7842		63	whitelist	RAD_7842__RAD__63	G	A	136
137	RAD_7877	RAD	7877		26	whitelist	RAD_7877__RAD__26	T	C	137
138	RAD_7903	RAD	7903		4	whitelist	RAD_7903__RAD__4	C	T	138
139	RAD_7907	RAD	7907		118	whitelist	RAD_7907__RAD__118	G	A	139
140	RAD_7948	RAD	7948		55	whitelist	RAD_7948__RAD__55	G	A	140
141	RAD_7972	RAD	7972		26	whitelist	RAD_7972__RAD__26	C	T	141
142	RAD_7977	RAD	7977		107	whitelist	RAD_7977__RAD__107	C	T	142
143	RAD_7994	RAD	7994		15	whitelist	RAD_7994__RAD__15	T	C	143
144	RAD_8005	RAD	8005		91	whitelist	RAD_8005__RAD__91	A	G	144
145	RAD_8039	RAD	8039		53	whitelist	RAD_8039__RAD__53	T	G	145
146	RAD_8045	RAD	8045		139	whitelist	RAD_8045__RAD__139	G	A	146
147	RAD_8091	RAD	8091		67	whitelist	RAD_8091__RAD__67	G	T	147
148	RAD_8120	RAD	8120		22	whitelist	RAD_8120__RAD__22	A	G	148
149	RAD_8131	RAD	8131		15	whitelist	RAD_8131__RAD__15	A	G	149
150	RAD_8146	RAD	8146		117	whitelist	RAD_8146__RAD__117	A	T	150
151	RAD_8151	RAD	8151		6	whitelist	RAD_8151__RAD__6	G	A	151
152	RAD_8197	RAD	8197		142	whitelist	RAD_8197__RAD__142	G	T	152
153	RAD_8208	RAD	8208		13	whitelist	RAD_8208__RAD__13	G	T	153
154	RAD_8240	RAD	8240		96	whitelist	RAD_8240__RAD__96	T	G	154
155	RAD_8243	RAD	8243		50	whitelist	RAD_8243__RAD__50	T	C	155
156	RAD_8244	RAD	8244		12	whitelist	RAD_8244__RAD__12	C	T	156
157	RAD_8256	RAD	8256		14	whitelist	RAD_8256__RAD__14	T	A	157
158	RAD_8275	RAD	8275		57	whitelist	RAD_8275__RAD__57	C	G	158
159	RAD_8292	RAD	8292		27	whitelist	RAD_8292__RAD__27	C	A	159
160	RAD_8293	RAD	8293		153	whitelist	RAD_8293__RAD__153	A	T	160
161	RAD_8299	RAD	8299		38	whitelist	RAD_8299__RAD__38	C	A	161
162	RAD_8305	RAD	8305		92	whitelist	RAD_8305__RAD__92	C	A	162
163	RAD_8307	RAD	8307		30	whitelist	RAD_8307__RAD__30	C	T	163
164	RAD_8341	RAD	8341		10	whitelist	RAD_8341__RAD__10	C	A	164
165	RAD_8347	RAD	8347		62	whitelist	RAD_8347__RAD__62	T	A	165
166	RAD_8466	RAD	8466		144	whitelist	RAD_8466__RAD__144	G	A	166
167	RAD_8472	RAD	8472		4	whitelist	RAD_8472__RAD__4	T	C	167
168	RAD_8514	RAD	8514		41	whitelist	RAD_8514__RAD__41	C	T	168
169	RAD_8553	RAD	8553		36	whitelist	RAD_8553__RAD__36	G	A	169
170	RAD_8581	RAD	8581		36	whitelist	RAD_8581__RAD__36	C	A	170
171	RAD_8622	RAD	8622		35	whitelist	RAD_8622__RAD__35	T	A	171
172	RAD_8668	RAD	8668		11	whitelist	RAD_8668__RAD__11	C	T	172
173	RAD_8743	RAD	8743		58	whitelist	RAD_8743__RAD__58	T	C	173
174	RAD_8797	RAD	8797		50	whitelist	RAD_8797__RAD__50	A	G	174
175	RAD_8851	RAD	8851		119	whitelist	RAD_8851__RAD__119	C	A	175
176	RAD_8868	RAD	8868		34	whitelist	RAD_8868__RAD__34	A	T	176
177	RAD_8890	RAD	8890		20	whitelist	RAD_8890__RAD__20	A	G	177
178	RAD_8900	RAD	8900		32	whitelist	RAD_8900__RAD__32	G	A	178
179	RAD_8903	RAD	8903		150	whitelist	RAD_8903__RAD__150	C	A	179
180	RAD_8910	RAD	8910		63	whitelist	RAD_8910__RAD__63	T	A	180
181	RAD_8972	RAD	8972		36	whitelist	RAD_8972__RAD__36	G	T	181
182	RAD_9273	RAD	9273		14	whitelist	RAD_9273__RAD__14	A	T	182
183	RAD_9280	RAD	9280		71	whitelist	RAD_9280__RAD__71	G	A	183
184	RAD_9476	RAD	9476		30	whitelist	RAD_9476__RAD__30	T	C	184
185	RAD_9702	RAD	9702		141	whitelist	RAD_9702__RAD__141	C	G	185
186	RAD_9719	RAD	9719		50	whitelist	RAD_9719__RAD__50	T	C	186
187	RAD_9743	RAD	9743		10	whitelist	RAD_9743__RAD__10	C	A	187
188	RAD_9885	RAD	9885		8	whitelist	RAD_9885__RAD__8	T	A	188
189	RAD_9900	RAD	9900		35	whitelist	RAD_9900__RAD__35	C	T	189
190	RAD_9988	RAD	9988		106	whitelist	RAD_9988__RAD__106	C	A	190
191	RAD_10028	RAD	10028		41	whitelist	RAD_10028__RAD__41	G	A	191
192	RAD_10040	RAD	10040		86	whitelist	RAD_10040__RAD__86	C	T	192
193	RAD_10041	RAD	10041		6	whitelist	RAD_10041__RAD__6	C	T	193
194	RAD_10046	RAD	10046		25	whitelist	RAD_10046__RAD__25	G	T	194
195	RAD_10055	RAD	10055		29	whitelist	RAD_10055__RAD__29	G	T	195
196	RAD_10223	RAD	10223		104	whitelist	RAD_10223__RAD__104	A	T	196
197	RAD_10275	RAD	10275		8	whitelist	RAD_10275__RAD__8	C	T	197
198	RAD_10333	RAD	10333		23	whitelist	RAD_10333__RAD__23	T	C	198
199	RAD_10499	RAD	10499		70	whitelist	RAD_10499__RAD__70	C	A	199
200	RAD_10714	RAD	10714		7	whitelist	RAD_10714__RAD__7	A	G	200
201	RAD_10817	RAD	10817		68	whitelist	RAD_10817__RAD__68	C	T	201
202	RAD_10892	RAD	10892		90	whitelist	RAD_10892__RAD__90	G	A	202
203	RAD_10997	RAD	10997		23	whitelist	RAD_10997__RAD__23	G	A	203
204	RAD_11035	RAD	11035		29	whitelist	RAD_11035__RAD__29	G	A	204
205	RAD_11045	RAD	11045		7	whitelist	RAD_11045__RAD__7	C	A	205
206	RAD_11058	RAD	11058		30	whitelist	RAD_11058__RAD__30	G	T	206
207	RAD_11059	RAD	11059		15	whitelist	RAD_11059__RAD__15	T	C	207
208	RAD_11060	RAD	11060		61	whitelist	RAD_11060__RAD__61	G	A	208
209	RAD_11071	RAD	11071		122	whitelist	RAD_11071__RAD__122	T	A	209
210	RAD_11084	RAD	11084		26	whitelist	RAD_11084__RAD__26	T	C	210
211	RAD_11088	RAD	11088		93	whitelist	RAD_11088__RAD__93	C	A	211
212	RAD_11089	RAD	11089		72	whitelist	RAD_11089__RAD__72	G	C	212
213	RAD_11093	RAD	11093		98	whitelist	RAD_11093__RAD__98	G	A	213
214	RAD_11097	RAD	11097		37	whitelist	RAD_11097__RAD__37	T	C	214
215	RAD_11115	RAD	11115		69	whitelist	RAD_11115__RAD__69	A	G	215
216	RAD_11139	RAD	11139		53	whitelist	RAD_11139__RAD__53	A	G	216
217	RAD_11160	RAD	11160		31	whitelist	RAD_11160__RAD__31	G	T	217
218	RAD_11213	RAD	11213		37	whitelist	RAD_11213__RAD__37	A	T	218
219	RAD_11231	RAD	11231		34	whitelist	RAD_11231__RAD__34	T	A	219
220	RAD_11234	RAD	11234		34	whitelist	RAD_11234__RAD__34	G	T	220
221	RAD_11272	RAD	11272		15	whitelist	RAD_11272__RAD__15	C	T	221
222	RAD_11468	RAD	11468		18	whitelist	RAD_11468__RAD__18	T	A	222
223	RAD_11563	RAD	11563		4	whitelist	RAD_11563__RAD__4	T	C	223
224	RAD_11575	RAD	11575		95	whitelist	RAD_11575__RAD__95	T	A	224
225	RAD_11723	RAD	11723		17	whitelist	RAD_11723__RAD__17	T	C	225
226	RAD_11837	RAD	11837		17	whitelist	RAD_11837__RAD__17	C	G	226
227	RAD_11841	RAD	11841		30	whitelist	RAD_11841__RAD__30	A	G	227
228	RAD_11859	RAD	11859		15	whitelist	RAD_11859__RAD__15	G	T	228
229	RAD_11941	RAD	11941		22	whitelist	RAD_11941__RAD__22	A	G	229
230	RAD_12032	RAD	12032		44	whitelist	RAD_12032__RAD__44	A	T	230
231	RAD_12079	RAD	12079		57	whitelist	RAD_12079__RAD__57	G	C	231
232	RAD_12086	RAD	12086		8	whitelist	RAD_12086__RAD__8	T	C	232
233	RAD_12435	RAD	12435		10	whitelist	RAD_12435__RAD__10	A	T	233
234	RAD_12471	RAD	12471		122	whitelist	RAD_12471__RAD__122	A	T	234
235	RAD_12551	RAD	12551		151	whitelist	RAD_12551__RAD__151	C	T	235
236	RAD_12717	RAD	12717		73	whitelist	RAD_12717__RAD__73	C	A	236
237	RAD_12963	RAD	12963		8	whitelist	RAD_12963__RAD__8	T	C	237
238	RAD_12964	RAD	12964		91	whitelist	RAD_12964__RAD__91	A	G	238
239	RAD_12967	RAD	12967		7	whitelist	RAD_12967__RAD__7	C	A	239
240	RAD_12991	RAD	12991		86	whitelist	RAD_12991__RAD__86	A	C	240
241	RAD_12992	RAD	12992		31	whitelist	RAD_12992__RAD__31	G	A	241
242	RAD_12996	RAD	12996		124	whitelist	RAD_12996__RAD__124	T	C	242
243	RAD_13026	RAD	13026		15	whitelist	RAD_13026__RAD__15	T	C	243
244	RAD_13088	RAD	13088		44	whitelist	RAD_13088__RAD__44	C	T	244
245	RAD_13251	RAD	13251		5	whitelist	RAD_13251__RAD__5	T	A	245
246	RAD_13259	RAD	13259		127	whitelist	RAD_13259__RAD__127	C	T	246
247	RAD_13325	RAD	13325		13	whitelist	RAD_13325__RAD__13	A	T	247
248	RAD_13336	RAD	13336		37	whitelist	RAD_13336__RAD__37	T	G	248
249	RAD_13372	RAD	13372		19	whitelist	RAD_13372__RAD__19	C	A	249
250	RAD_13374	RAD	13374		10	whitelist	RAD_13374__RAD__10	G	A	250
251	RAD_13468	RAD	13468		16	whitelist	RAD_13468__RAD__16	G	A	251
252	RAD_13516	RAD	13516		31	whitelist	RAD_13516__RAD__31	G	T	252
253	RAD_13734	RAD	13734		38	whitelist	RAD_13734__RAD__38	T	C	253
254	RAD_13744	RAD	13744		18	whitelist	RAD_13744__RAD__18	G	A	254
255	RAD_13863	RAD	13863		52	whitelist	RAD_13863__RAD__52	A	G	255
256	RAD_13946	RAD	13946		110	whitelist	RAD_13946__RAD__110	G	A	256
257	RAD_13949	RAD	13949		5	whitelist	RAD_13949__RAD__5	C	T	257
258	RAD_14077	RAD	14077		12	whitelist	RAD_14077__RAD__12	A	G	258
259	RAD_14082	RAD	14082		42	whitelist	RAD_14082__RAD__42	T	C	259
260	RAD_14227	RAD	14227		57	whitelist	RAD_14227__RAD__57	A	G	260
261	RAD_14257	RAD	14257		70	whitelist	RAD_14257__RAD__70	C	T	261
262	RAD_14259	RAD	14259		105	whitelist	RAD_14259__RAD__105	G	T	262
263	RAD_14375	RAD	14375		47	whitelist	RAD_14375__RAD__47	T	G	263
264	RAD_14425	RAD	14425		36	whitelist	RAD_14425__RAD__36	G	A	264
265	RAD_14545	RAD	14545		29	whitelist	RAD_14545__RAD__29	A	T	265
266	RAD_14580	RAD	14580		7	whitelist	RAD_14580__RAD__7	A	T	266
267	RAD_14690	RAD	14690		94	whitelist	RAD_14690__RAD__94	G	A	267
268	RAD_14807	RAD	14807		33	whitelist	RAD_14807__RAD__33	C	A	268
269	RAD_14813	RAD	14813		6	whitelist	RAD_14813__RAD__6	G	T	269
270	RAD_14851	RAD	14851		43	whitelist	RAD_14851__RAD__43	C	G	270
271	RAD_15068	RAD	15068		31	whitelist	RAD_15068__RAD__31	T	A	271
272	RAD_15099	RAD	15099		19	whitelist	RAD_15099__RAD__19	A	G	272
273	RAD_15138	RAD	15138		32	whitelist	RAD_15138__RAD__32	G	A	273
274	RAD_15193	RAD	15193		61	whitelist	RAD_15193__RAD__61	G	T	274
275	RAD_15227	RAD	15227		140	whitelist	RAD_15227__RAD__140	T	A	275
276	RAD_15365	RAD	15365		157	whitelist	RAD_15365__RAD__157	T	C	276
277	RAD_15400	RAD	15400		18	whitelist	RAD_15400__RAD__18	G	A	277
278	RAD_15546	RAD	15546		153	whitelist	RAD_15546__RAD__153	C	T	278
279	RAD_15678	RAD	15678		65	whitelist	RAD_15678__RAD__65	T	G	279
280	RAD_15739	RAD	15739		65	whitelist	RAD_15739__RAD__65	T	C	280
281	RAD_15760	RAD	15760		72	whitelist	RAD_15760__RAD__72	T	G	281
282	RAD_15814	RAD	15814		95	whitelist	RAD_15814__RAD__95	C	T	282
283	RAD_15820	RAD	15820		52	whitelist	RAD_15820__RAD__52	C	G	283
284	RAD_15946	RAD	15946		39	whitelist	RAD_15946__RAD__39	C	T	284
285	RAD_15972	RAD	15972		63	whitelist	RAD_15972__RAD__63	A	T	285
286	RAD_16021	RAD	16021		8	whitelist	RAD_16021__RAD__8	G	A	286
287	RAD_16205	RAD	16205		28	whitelist	RAD_16205__RAD__28	A	G	287
288	RAD_16303	RAD	16303		10	whitelist	RAD_16303__RAD__10	C	T	288
289	RAD_16405	RAD	16405		38	whitelist	RAD_16405__RAD__38	T	C	289
290	RAD_16466	RAD	16466		102	whitelist	RAD_16466__RAD__102	A	C	290
291	RAD_16509	RAD	16509		34	whitelist	RAD_16509__RAD__34	T	C	291
292	RAD_16512	RAD	16512		68	whitelist	RAD_16512__RAD__68	G	T	292
293	RAD_16516	RAD	16516		11	whitelist	RAD_16516__RAD__11	C	T	293
294	RAD_16517	RAD	16517		69	whitelist	RAD_16517__RAD__69	G	A	294
295	RAD_16537	RAD	16537		12	whitelist	RAD_16537__RAD__12	C	T	295
296	RAD_16539	RAD	16539		111	whitelist	RAD_16539__RAD__111	C	T	296
297	RAD_16561	RAD	16561		11	whitelist	RAD_16561__RAD__11	C	T	297
298	RAD_16570	RAD	16570		21	whitelist	RAD_16570__RAD__21	T	C	298
299	RAD_16573	RAD	16573		49	whitelist	RAD_16573__RAD__49	G	A	299
300	RAD_16575	RAD	16575		8	whitelist	RAD_16575__RAD__8	G	A	300
301	RAD_16580	RAD	16580		10	whitelist	RAD_16580__RAD__10	G	T	301
302	RAD_16591	RAD	16591		26	whitelist	RAD_16591__RAD__26	A	T	302
303	RAD_16593	RAD	16593		40	whitelist	RAD_16593__RAD__40	C	T	303
304	RAD_16619	RAD	16619		5	whitelist	RAD_16619__RAD__5	G	T	304
305	RAD_16631	RAD	16631		37	whitelist	RAD_16631__RAD__37	T	C	305
306	RAD_16634	RAD	16634		33	whitelist	RAD_16634__RAD__33	T	A	306
307	RAD_16636	RAD	16636		43	whitelist	RAD_16636__RAD__43	G	A	307
308	RAD_16641	RAD	16641		30	whitelist	RAD_16641__RAD__30	G	A	308
309	RAD_16670	RAD	16670		157	whitelist	RAD_16670__RAD__157	A	G	309
310	RAD_16675	RAD	16675		88	whitelist	RAD_16675__RAD__88	C	T	310
311	RAD_16676	RAD	16676		44	whitelist	RAD_16676__RAD__44	A	G	311
312	RAD_16688	RAD	16688		30	whitelist	RAD_16688__RAD__30	C	T	312
313	RAD_16691	RAD	16691		47	whitelist	RAD_16691__RAD__47	T	C	313
314	RAD_16696	RAD	16696		97	whitelist	RAD_16696__RAD__97	G	A	314
315	RAD_16712	RAD	16712		98	whitelist	RAD_16712__RAD__98	G	A	315
316	RAD_16744	RAD	16744		17	whitelist	RAD_16744__RAD__17	A	C	316
317	RAD_16754	RAD	16754		99	whitelist	RAD_16754__RAD__99	G	A	317
318	RAD_16765	RAD	16765		119	whitelist	RAD_16765__RAD__119	C	T	318
319	RAD_16769	RAD	16769		73	whitelist	RAD_16769__RAD__73	G	T	319
320	RAD_16771	RAD	16771		55	whitelist	RAD_16771__RAD__55	C	T	320
321	RAD_16773	RAD	16773		92	whitelist	RAD_16773__RAD__92	G	A	321
322	RAD_16784	RAD	16784		39	whitelist	RAD_16784__RAD__39	T	C	322
323	RAD_16813	RAD	16813		65	whitelist	RAD_16813__RAD__65	A	G	323
324	RAD_16825	RAD	16825		7	whitelist	RAD_16825__RAD__7	C	A	324
325	RAD_16827	RAD	16827		29	whitelist	RAD_16827__RAD__29	A	G	325
326	RAD_16834	RAD	16834		143	whitelist	RAD_16834__RAD__143	A	C	326
327	RAD_16838	RAD	16838		58	whitelist	RAD_16838__RAD__58	G	T	327
328	RAD_16842	RAD	16842		90	whitelist	RAD_16842__RAD__90	A	C	328
329	RAD_16852	RAD	16852		25	whitelist	RAD_16852__RAD__25	G	A	329
330	RAD_16856	RAD	16856		49	whitelist	RAD_16856__RAD__49	T	C	330
331	RAD_16889	RAD	16889		43	whitelist	RAD_16889__RAD__43	T	C	331
332	RAD_16904	RAD	16904		9	whitelist	RAD_16904__RAD__9	A	C	332
333	RAD_16945	RAD	16945		33	whitelist	RAD_16945__RAD__33	G	T	333
334	RAD_16997	RAD	16997		11	whitelist	RAD_16997__RAD__11	T	G	334
335	RAD_17029	RAD	17029		21	whitelist	RAD_17029__RAD__21	T	C	335
336	RAD_17125	RAD	17125		41	whitelist	RAD_17125__RAD__41	C	T	336
337	RAD_17183	RAD	17183		110	whitelist	RAD_17183__RAD__110	G	A	337
338	RAD_17322	RAD	17322		135	whitelist	RAD_17322__RAD__135	T	C	338
339	RAD_17453	RAD	17453		140	whitelist	RAD_17453__RAD__140	T	A	339
340	RAD_17649	RAD	17649		103	whitelist	RAD_17649__RAD__103	A	G	340
341	RAD_17656	RAD	17656		42	whitelist	RAD_17656__RAD__42	T	G	341
342	RAD_17677	RAD	17677		9	whitelist	RAD_17677__RAD__9	A	C	342
343	RAD_17783	RAD	17783		58	whitelist	RAD_17783__RAD__58	G	A	343
344	RAD_17787	RAD	17787		39	whitelist	RAD_17787__RAD__39	G	A	344
345	RAD_17795	RAD	17795		43	whitelist	RAD_17795__RAD__43	C	A	345
346	RAD_17799	RAD	17799		93	whitelist	RAD_17799__RAD__93	G	A	346
347	RAD_17801	RAD	17801		11	whitelist	RAD_17801__RAD__11	A	G	347
348	RAD_17823	RAD	17823		51	whitelist	RAD_17823__RAD__51	C	T	348
349	RAD_17844	RAD	17844		24	whitelist	RAD_17844__RAD__24	C	T	349
350	RAD_17852	RAD	17852		44	whitelist	RAD_17852__RAD__44	A	T	350
351	RAD_17892	RAD	17892		131	whitelist	RAD_17892__RAD__131	G	A	351
352	RAD_17897	RAD	17897		28	whitelist	RAD_17897__RAD__28	T	A	352
353	RAD_17911	RAD	17911		132	whitelist	RAD_17911__RAD__132	C	T	353
354	RAD_17927	RAD	17927		112	whitelist	RAD_17927__RAD__112	G	T	354
355	RAD_17949	RAD	17949		6	whitelist	RAD_17949__RAD__6	G	T	355
